brand,product_name,category,price,discount,rating,review_count,product_url
Foxtale,Barrier Repair Moisturiser,Moisturiser,895,10,4.6,1850,https://foxtale.in/products/barrier-repair-moisturiser
Foxtale,Clear Skin OG Face Wash,Cleanser,645,0,4.5,1620,https://foxtale.in/products/clear-skin-og-face-wash
Foxtale,Glow Up Vitamin C Serum,Serum,1295,15,4.7,1400,https://foxtale.in/products/glow-up-vitamin-c-serum
Foxtale,SPF 50 Sunscreen,Sunscreen,795,10,4.4,1200,https://foxtale.in/products/spf-50-sunscreen
Foxtale,Retinol Night Serum,Serum,1195,10,4.5,980,https://foxtale.in/products/retinol-night-serum
Foxtale,Hydrating Face Mist,Toner,695,0,4.3,760,https://foxtale.in/products/hydrating-face-mist
Foxtale,AHA BHA Exfoliating Toner,Toner,895,15,4.4,890,https://foxtale.in/products/aha-bha-exfoliating-toner
Foxtale,Under Eye Cream,Eye Care,1095,10,4.5,540,https://foxtale.in/products/under-eye-cream
Foxtale,Niacinamide Serum 10%,Serum,795,0,4.6,2000,https://foxtale.in/products/niacinamide-serum-10
Foxtale,Ceramide Moisturiser,Moisturiser,995,10,4.5,720,https://foxtale.in/products/ceramide-moisturiser
Foxtale,Salicylic Acid Face Wash,Cleanser,695,0,4.4,810,https://foxtale.in/products/salicylic-acid-face-wash
Foxtale,Hyaluronic Acid Serum,Serum,895,10,4.5,1100,https://foxtale.in/products/hyaluronic-acid-serum
Foxtale,Matte Finish SPF 60 Sunscreen,Sunscreen,895,15,4.3,680,https://foxtale.in/products/matte-finish-spf-60-sunscreen
Foxtale,Brightening Toner,Toner,745,0,4.2,430,https://foxtale.in/products/brightening-toner
Foxtale,Peptide Eye Serum,Eye Care,1295,10,4.6,310,https://foxtale.in/products/peptide-eye-serum
Foxtale,Ceramide Peptide Night Cream,Moisturiser,1095,15,4.4,480,https://foxtale.in/products/ceramide-peptide-night-cream
Foxtale,Alpha Arbutin 2% Serum,Serum,995,0,4.5,870,https://foxtale.in/products/alpha-arbutin-2-serum
Foxtale,Foaming Micellar Cleanser,Cleanser,745,10,4.3,390,https://foxtale.in/products/foaming-micellar-cleanser
Foxtale,SPF 50 Tinted Sunscreen,Sunscreen,995,10,4.4,520,https://foxtale.in/products/spf-50-tinted-sunscreen
Foxtale,Tranexamic Acid Serum,Serum,1195,15,4.5,640,https://foxtale.in/products/tranexamic-acid-serum
Foxtale,Collagen Boosting Serum,Serum,1495,20,4.7,280,https://foxtale.in/products/collagen-boosting-serum
Foxtale,Soothing Centella Moisturiser,Moisturiser,895,0,4.4,560,https://foxtale.in/products/soothing-centella-moisturiser
Foxtale,Gentle Daily Cleanser,Cleanser,595,0,4.3,720,https://foxtale.in/products/gentle-daily-cleanser
Foxtale,Kojic Acid Brightening Serum,Serum,1095,10,4.4,380,https://foxtale.in/products/kojic-acid-brightening-serum
Foxtale,Oil Control SPF 50 Sunscreen,Sunscreen,795,10,4.3,490,https://foxtale.in/products/oil-control-spf-50-sunscreen
Foxtale,Retinol Eye Cream,Eye Care,1195,15,4.6,180,https://foxtale.in/products/retinol-eye-cream
Foxtale,Lactic Acid Serum,Serum,895,0,4.3,420,https://foxtale.in/products/lactic-acid-serum
Foxtale,Balancing Toner with Zinc,Toner,695,0,4.2,340,https://foxtale.in/products/balancing-toner-zinc
Foxtale,Lightweight Gel Moisturiser,Moisturiser,795,0,4.4,660,https://foxtale.in/products/lightweight-gel-moisturiser
Foxtale,Micellar Cleansing Gel,Cleanser,645,10,4.2,280,https://foxtale.in/products/micellar-cleansing-gel
Foxtale,Vitamin C 15% Brightening Serum,Serum,1295,20,4.8,1750,https://foxtale.in/products/vitamin-c-15-brightening-serum
Foxtale,Pro-Aging Peptide Moisturiser,Moisturiser,1295,15,4.6,310,https://foxtale.in/products/pro-aging-peptide-moisturiser
Foxtale,Clear Pore Salicylic Toner,Toner,795,10,4.3,510,https://foxtale.in/products/clear-pore-salicylic-toner
Foxtale,Ultra Hydrating HA Moisturiser,Moisturiser,995,0,4.5,720,https://foxtale.in/products/ultra-hydrating-ha-moisturiser
Foxtale,Glycolic Acid Serum 10%,Serum,895,0,4.4,460,https://foxtale.in/products/glycolic-acid-serum-10
Foxtale,Daily Mineral SPF 40 Sunscreen,Sunscreen,895,10,4.2,360,https://foxtale.in/products/daily-mineral-spf-40-sunscreen
Foxtale,Eye Revive Gel,Eye Care,1095,10,4.4,220,https://foxtale.in/products/eye-revive-gel
Foxtale,Exfoliating AHA Face Wash,Cleanser,695,15,4.3,580,https://foxtale.in/products/exfoliating-aha-face-wash
Foxtale,Copper Peptide Serum,Serum,1495,25,4.6,180,https://foxtale.in/products/copper-peptide-serum
Foxtale,Moisturising SPF 35 Sunscreen,Sunscreen,795,0,4.1,290,https://foxtale.in/products/moisturising-spf-35-sunscreen
Foxtale,Brightening Eye Serum,Eye Care,1195,15,4.5,160,https://foxtale.in/products/brightening-eye-serum
Foxtale,BHA Toner 2%,Toner,795,10,4.4,680,https://foxtale.in/products/bha-toner-2
Foxtale,Calming Centella Cleanser,Cleanser,645,0,4.3,410,https://foxtale.in/products/calming-centella-cleanser
Foxtale,Multi-Acid Resurfacing Serum,Serum,1395,20,4.7,290,https://foxtale.in/products/multi-acid-resurfacing-serum
Foxtale,Rich Repair Night Cream,Moisturiser,1095,10,4.5,350,https://foxtale.in/products/rich-repair-night-cream
Minimalist,10% Niacinamide Face Serum,Serum,599,0,4.5,7800,https://beminimalist.co/products/10-niacinamide-face-serum
Minimalist,0.3% Retinol Serum,Serum,449,0,4.4,5600,https://beminimalist.co/products/0-3-retinol-serum
Minimalist,Salicylic Acid 2% Serum,Serum,399,0,4.5,6200,https://beminimalist.co/products/salicylic-acid-2-serum
Minimalist,Alpha Arbutin 2% Serum,Serum,399,0,4.4,4800,https://beminimalist.co/products/alpha-arbutin-2-serum
Minimalist,Vitamin C 10% Serum,Serum,499,0,4.3,4100,https://beminimalist.co/products/vitamin-c-10-serum
Minimalist,AHA 25% BHA 2% Peeling Solution,Peel,499,0,4.2,3900,https://beminimalist.co/products/aha-25-bha-2-peeling-solution
Minimalist,Hyaluronic Acid 2% Serum,Serum,399,0,4.6,7200,https://beminimalist.co/products/hyaluronic-acid-2-serum
Minimalist,Granactive Retinoid 2% Serum,Serum,449,0,4.3,3100,https://beminimalist.co/products/granactive-retinoid-2-serum
Minimalist,Squalane Moisturiser,Moisturiser,399,0,4.4,2900,https://beminimalist.co/products/squalane-moisturiser
Minimalist,SPF 50 Sunscreen,Sunscreen,399,0,4.4,5100,https://beminimalist.co/products/spf-50-sunscreen
Minimalist,Polyglutamic Acid Serum,Serum,499,0,4.4,2200,https://beminimalist.co/products/polyglutamic-acid-serum
Minimalist,Multi-Peptide Serum,Serum,599,0,4.5,2800,https://beminimalist.co/products/multi-peptide-serum
Minimalist,Glycolic Acid 08% Toner,Toner,399,0,4.3,3400,https://beminimalist.co/products/glycolic-acid-08-toner
Minimalist,2% Salicylic Acid Gel Cleanser,Cleanser,299,0,4.4,3800,https://beminimalist.co/products/2-salicylic-acid-gel-cleanser
Minimalist,Azelaic Acid 10% Serum,Serum,499,0,4.3,2600,https://beminimalist.co/products/azelaic-acid-10-serum
Minimalist,Lactic Acid 10% Toner,Toner,349,0,4.2,2100,https://beminimalist.co/products/lactic-acid-10-toner
Minimalist,SPF 60 Sunscreen,Sunscreen,449,10,4.5,4200,https://beminimalist.co/products/spf-60-sunscreen
Minimalist,Ceramide & Hyaluronic Moisturiser,Moisturiser,449,0,4.5,2400,https://beminimalist.co/products/ceramide-hyaluronic-moisturiser
Minimalist,Copper Peptide 1% Serum,Serum,699,0,4.6,1200,https://beminimalist.co/products/copper-peptide-1-serum
Minimalist,Tranexamic Acid 3% Serum,Serum,499,0,4.4,1900,https://beminimalist.co/products/tranexamic-acid-3-serum
Minimalist,EUK 134 0.1% Antioxidant Serum,Serum,399,0,4.1,980,https://beminimalist.co/products/euk-134-antioxidant-serum
Minimalist,Mandelic Acid 10% Serum,Serum,449,0,4.2,1100,https://beminimalist.co/products/mandelic-acid-10-serum
Minimalist,EGCG 1% Anti-Pollution Serum,Serum,399,0,4.1,870,https://beminimalist.co/products/egcg-anti-pollution-serum
Minimalist,BHA 1% Exfoliating Toner,Toner,349,0,4.3,1800,https://beminimalist.co/products/bha-1-exfoliating-toner
Minimalist,Marine Collagen Moisturiser,Moisturiser,549,10,4.4,1300,https://beminimalist.co/products/marine-collagen-moisturiser
Minimalist,AHA 30% Peeling Solution,Peel,449,0,4.0,2200,https://beminimalist.co/products/aha-30-peeling-solution
Minimalist,PHAs 3% Mild Exfoliating Toner,Toner,349,0,4.3,1600,https://beminimalist.co/products/phas-3-mild-exfoliating-toner
Minimalist,Kojic Acid 2% Face Wash,Cleanser,299,0,4.4,2100,https://beminimalist.co/products/kojic-acid-2-face-wash
Minimalist,Vitamin B5 5% Moisturiser,Moisturiser,399,0,4.5,1700,https://beminimalist.co/products/vitamin-b5-5-moisturiser
Minimalist,SPF 50 Invisible Sunscreen,Sunscreen,399,0,4.3,3100,https://beminimalist.co/products/spf-50-invisible-sunscreen
Minimalist,Retinol 0.1% Beginner Serum,Serum,349,0,4.3,2400,https://beminimalist.co/products/retinol-0-1-beginner-serum
Minimalist,Niacinamide 5% Toner,Toner,299,0,4.4,2700,https://beminimalist.co/products/niacinamide-5-toner
Minimalist,Ceramide Cleanser,Cleanser,249,0,4.4,1900,https://beminimalist.co/products/ceramide-cleanser
Minimalist,Zinc PCA 0.5% Serum,Serum,399,0,4.2,1200,https://beminimalist.co/products/zinc-pca-0-5-serum
Minimalist,Ascorbic Acid 8% Alpha Arbutin 1% Serum,Serum,499,0,4.4,2300,https://beminimalist.co/products/ascorbic-acid-alpha-arbutin-serum
Minimalist,Retinol 0.6% Advanced Serum,Serum,499,0,4.3,1500,https://beminimalist.co/products/retinol-0-6-advanced-serum
Minimalist,Salicylic LHA 0.5% Serum,Serum,399,0,4.3,1400,https://beminimalist.co/products/salicylic-lha-serum
Minimalist,Face Serum Starter Kit,Serum,699,15,4.6,890,https://beminimalist.co/products/face-serum-starter-kit
Minimalist,Matrixyl 10% HA Serum,Serum,599,0,4.4,1100,https://beminimalist.co/products/matrixyl-10-ha-serum
Minimalist,Oil Free SPF 50 Moisturiser,Moisturiser,449,0,4.3,1800,https://beminimalist.co/products/oil-free-spf-50-moisturiser
Minimalist,SPF 40 Dewy Sunscreen,Sunscreen,349,0,4.2,2200,https://beminimalist.co/products/spf-40-dewy-sunscreen
Minimalist,BHA 2% PHAs 5% Peel,Peel,499,0,4.1,1300,https://beminimalist.co/products/bha-2-phas-5-peel
Minimalist,Amino Acid Hydrating Cleanser,Cleanser,249,0,4.5,2600,https://beminimalist.co/products/amino-acid-hydrating-cleanser
Minimalist,Tea Tree Salicylic Cleanser,Cleanser,199,0,4.3,3200,https://beminimalist.co/products/tea-tree-salicylic-cleanser
Minimalist,Resveratrol 3% Ferulic Acid 3% Serum,Serum,499,0,4.3,980,https://beminimalist.co/products/resveratrol-ferulic-acid-serum
Minimalist,Idebenone 1% Antioxidant Serum,Serum,599,0,4.2,720,https://beminimalist.co/products/idebenone-antioxidant-serum
Minimalist,10% Vitamin C E Ferulic Serum,Serum,549,0,4.5,1600,https://beminimalist.co/products/vitamin-c-e-ferulic-serum
Minimalist,MCHA 4% PHAs 3% Serum,Serum,449,0,4.2,840,https://beminimalist.co/products/mcha-phas-serum
Minimalist,SPF 50 Body Lotion Sunscreen,Sunscreen,449,0,4.2,1100,https://beminimalist.co/products/spf-50-body-lotion-sunscreen
Minimalist,Squalane Vitamin C Rose Hip Serum,Serum,499,0,4.4,1300,https://beminimalist.co/products/squalane-vitamin-c-rosehip-serum
Minimalist,5% Lactic Acid 2% HA Serum,Serum,399,0,4.3,1700,https://beminimalist.co/products/lactic-acid-ha-serum
Minimalist,Niacinamide 10% Zinc 1% Serum,Serum,499,0,4.5,5400,https://beminimalist.co/products/niacinamide-10-zinc-1-serum
Minimalist,Peptide Moisturiser,Moisturiser,499,0,4.4,1100,https://beminimalist.co/products/peptide-moisturiser
Minimalist,Glycolic Acid 08% Face Wash,Cleanser,299,0,4.3,1400,https://beminimalist.co/products/glycolic-acid-08-face-wash
Dot & Key,Watermelon Cooling Moisturiser,Moisturiser,595,20,4.4,4800,https://dotandkey.com/products/watermelon-cooling-moisturiser
Dot & Key,Vitamin C E Supercharge Serum,Serum,895,25,4.5,3600,https://dotandkey.com/products/vitamin-c-e-supercharge-serum
Dot & Key,Cica Calming Moisturiser,Moisturiser,695,20,4.3,2900,https://dotandkey.com/products/cica-calming-moisturiser
Dot & Key,Sleep Mask,Mask,795,30,4.4,2200,https://dotandkey.com/products/sleep-mask
Dot & Key,Body Sunscreen SPF 50,Sunscreen,695,25,4.3,2100,https://dotandkey.com/products/body-sunscreen-spf-50
Dot & Key,SPF 50 Face Sunscreen,Sunscreen,795,20,4.4,3100,https://dotandkey.com/products/spf-50-face-sunscreen
Dot & Key,Acne Care Cleanser,Cleanser,395,15,4.3,2400,https://dotandkey.com/products/acne-care-cleanser
Dot & Key,Brightening Eye Cream,Eye Care,895,25,4.3,1200,https://dotandkey.com/products/brightening-eye-cream
Dot & Key,Ceramide Niacinamide Serum,Serum,995,30,4.5,2800,https://dotandkey.com/products/ceramide-niacinamide-serum
Dot & Key,Rose Vitamin C Body Lotion,Body Care,595,25,4.4,1900,https://dotandkey.com/products/rose-vitamin-c-body-lotion
Dot & Key,Glow Toning Body Wash,Body Care,495,20,4.3,1600,https://dotandkey.com/products/glow-toning-body-wash
Dot & Key,2% Salicylic Acid Serum,Serum,695,20,4.3,2100,https://dotandkey.com/products/2-salicylic-acid-serum
Dot & Key,Niacinamide 10% Serum,Serum,795,20,4.4,2600,https://dotandkey.com/products/niacinamide-10-serum
Dot & Key,Watermelon Lip Sleeping Mask,Lip Care,395,15,4.5,1400,https://dotandkey.com/products/watermelon-lip-sleeping-mask
Dot & Key,Retinol Ceramide Night Cream,Moisturiser,1195,30,4.4,980,https://dotandkey.com/products/retinol-ceramide-night-cream
Dot & Key,Brightening Vitamin C Cleanser,Cleanser,495,20,4.3,1800,https://dotandkey.com/products/brightening-vitamin-c-cleanser
Dot & Key,AHA BHA Exfoliating Toner,Toner,695,25,4.2,1500,https://dotandkey.com/products/aha-bha-exfoliating-toner
Dot & Key,Hyaluronic Acid Serum,Serum,795,20,4.4,2200,https://dotandkey.com/products/hyaluronic-acid-serum
Dot & Key,Cocoa Coffee Body Scrub,Body Care,595,25,4.5,1300,https://dotandkey.com/products/cocoa-coffee-body-scrub
Dot & Key,Turmeric Cranberry Mask,Mask,595,20,4.3,1100,https://dotandkey.com/products/turmeric-cranberry-mask
Dot & Key,SPF 50 Invisible Sunscreen,Sunscreen,895,25,4.4,2400,https://dotandkey.com/products/spf-50-invisible-sunscreen
Dot & Key,Blue Light Defense Moisturiser,Moisturiser,895,25,4.3,860,https://dotandkey.com/products/blue-light-defense-moisturiser
Dot & Key,Niacinamide Zinc Toner,Toner,595,20,4.3,1200,https://dotandkey.com/products/niacinamide-zinc-toner
Dot & Key,Lip Balm Vitamin E,Lip Care,295,10,4.4,1800,https://dotandkey.com/products/lip-balm-vitamin-e
Dot & Key,Coffee Coconut Body Lotion,Body Care,695,30,4.4,1100,https://dotandkey.com/products/coffee-coconut-body-lotion
Dot & Key,Dark Circle Removing Eye Cream,Eye Care,995,30,4.2,1000,https://dotandkey.com/products/dark-circle-removing-eye-cream
Dot & Key,Green Tea Detox Cleanser,Cleanser,395,15,4.4,1600,https://dotandkey.com/products/green-tea-detox-cleanser
Dot & Key,Peptide Lip Plumping Serum,Lip Care,695,20,4.3,620,https://dotandkey.com/products/peptide-lip-plumping-serum
Dot & Key,SPF 35 Tinted Sunscreen,Sunscreen,895,20,4.3,1400,https://dotandkey.com/products/spf-35-tinted-sunscreen
Dot & Key,Watermelon Body Lotion,Body Care,595,25,4.3,1200,https://dotandkey.com/products/watermelon-body-lotion
Dot & Key,Retinol Eye Serum,Eye Care,1095,30,4.4,480,https://dotandkey.com/products/retinol-eye-serum
Dot & Key,Alpha Arbutin Niacinamide Serum,Serum,895,25,4.4,1900,https://dotandkey.com/products/alpha-arbutin-niacinamide-serum
Dot & Key,Rice Water Brightening Toner,Toner,595,20,4.3,1300,https://dotandkey.com/products/rice-water-brightening-toner
Dot & Key,Charcoal Detox Face Mask,Mask,695,25,4.2,900,https://dotandkey.com/products/charcoal-detox-face-mask
Dot & Key,Vitamin C Body Serum,Body Care,795,30,4.4,880,https://dotandkey.com/products/vitamin-c-body-serum
Dot & Key,Overnight Body Lotion,Body Care,795,25,4.4,760,https://dotandkey.com/products/overnight-body-lotion
Dot & Key,Peptide Anti-Aging Serum,Serum,1295,35,4.5,1100,https://dotandkey.com/products/peptide-anti-aging-serum
Dot & Key,Ceramide Barrier Repair Moisturiser,Moisturiser,995,30,4.4,820,https://dotandkey.com/products/ceramide-barrier-repair-moisturiser
Dot & Key,Micellar Water Cleanser,Cleanser,495,15,4.3,1100,https://dotandkey.com/products/micellar-water-cleanser
Dot & Key,SPF 50+ Ultra Protect Sunscreen,Sunscreen,795,20,4.3,1800,https://dotandkey.com/products/spf-50-ultra-protect-sunscreen
Dot & Key,Retinol Body Lotion,Body Care,795,30,4.3,680,https://dotandkey.com/products/retinol-body-lotion
Dot & Key,Collagen Lip Mask,Lip Care,495,20,4.4,820,https://dotandkey.com/products/collagen-lip-mask
Dot & Key,Brightening Exfoliating Peel Mask,Mask,895,35,4.3,760,https://dotandkey.com/products/brightening-exfoliating-peel-mask
Dot & Key,Hyaluronic Toning Mist,Toner,695,25,4.3,900,https://dotandkey.com/products/hyaluronic-toning-mist
Dot & Key,Vitamin C Brightening Body Scrub,Body Care,695,25,4.4,620,https://dotandkey.com/products/vitamin-c-brightening-body-scrub
Dot & Key,Dark Spot Corrector Serum,Serum,1095,30,4.4,1400,https://dotandkey.com/products/dark-spot-corrector-serum
Dot & Key,Deep Moisturising Cleanser,Cleanser,395,15,4.2,860,https://dotandkey.com/products/deep-moisturising-cleanser
Dot & Key,Glow Serum Vitamin C 15%,Serum,995,30,4.5,1700,https://dotandkey.com/products/glow-serum-vitamin-c-15
Dot & Key,Pore Minimising Clay Mask,Mask,795,30,4.2,700,https://dotandkey.com/products/pore-minimising-clay-mask
Dot & Key,Nourishing Lip Sleeping Mask,Lip Care,395,15,4.5,1000,https://dotandkey.com/products/nourishing-lip-sleeping-mask
Dot & Key,Anti-Dandruff Scalp Serum,Body Care,895,30,4.2,540,https://dotandkey.com/products/anti-dandruff-scalp-serum
Dot & Key,SPF 60 Serum Sunscreen,Sunscreen,995,25,4.4,1600,https://dotandkey.com/products/spf-60-serum-sunscreen
Dot & Key,Retinol Night Moisturiser,Moisturiser,1295,35,4.5,740,https://dotandkey.com/products/retinol-night-moisturiser
Dot & Key,Kojic Acid Niacinamide Serum,Serum,995,30,4.4,1100,https://dotandkey.com/products/kojic-acid-niacinamide-serum
Dot & Key,Exfoliating AHA Toner,Toner,695,20,4.3,880,https://dotandkey.com/products/exfoliating-aha-toner
Dot & Key,Pore Cleansing Foam Wash,Cleanser,495,20,4.3,1400,https://dotandkey.com/products/pore-cleansing-foam-wash
Dot & Key,Shea Butter Body Cream,Body Care,895,35,4.4,590,https://dotandkey.com/products/shea-butter-body-cream
Dot & Key,Vitamin E Under Eye Balm,Eye Care,895,25,4.3,680,https://dotandkey.com/products/vitamin-e-under-eye-balm
Dot & Key,Luxury Facial Oil Serum,Serum,1795,40,4.2,320,https://dotandkey.com/products/luxury-facial-oil
Dot & Key,Brightening Body Sunscreen,Sunscreen,595,20,4.3,1200,https://dotandkey.com/products/brightening-body-sunscreen
Dot & Key,Mango Butter Body Scrub,Body Care,595,25,4.4,480,https://dotandkey.com/products/mango-butter-body-scrub
Dot & Key,Hydra Glow Sleeping Mask,Mask,895,35,4.4,580,https://dotandkey.com/products/hydra-glow-sleeping-mask
Dot & Key,Caffeine Eye Serum,Eye Care,895,25,4.3,540,https://dotandkey.com/products/caffeine-eye-serum
Dot & Key,Acne Spot Corrector Serum,Serum,695,25,4.3,1600,https://dotandkey.com/products/acne-spot-corrector-serum
Dot & Key,SPF 50 Tinted Moisturiser,Moisturiser,995,30,4.3,900,https://dotandkey.com/products/spf-50-tinted-moisturiser
Dot & Key,Watermelon Glow Body Mist,Body Care,595,20,4.5,760,https://dotandkey.com/products/watermelon-glow-body-mist
Dot & Key,Brightening Serum Sheet Mask,Mask,395,15,4.4,420,https://dotandkey.com/products/brightening-serum-sheet-mask
Dot & Key,Blackhead Clearing Toner,Toner,595,20,4.2,980,https://dotandkey.com/products/blackhead-clearing-toner
Dot & Key,Watermelon Splash Body Scrub,Body Care,595,25,4.4,640,https://dotandkey.com/products/watermelon-splash-body-scrub
Dot & Key,Ceramide Repair Eye Cream,Eye Care,895,25,4.3,460,https://dotandkey.com/products/ceramide-repair-eye-cream
The Derma Co,10% Niacinamide Face Serum,Serum,599,10,4.5,5800,https://thederma.co/products/10-niacinamide-face-serum
The Derma Co,Hyaluronic Acid Serum,Serum,599,10,4.4,4600,https://thederma.co/products/hyaluronic-acid-serum
The Derma Co,1% Salicylic Acid Serum,Serum,499,0,4.4,3900,https://thederma.co/products/1-salicylic-acid-serum
The Derma Co,SPF 50 Matte Sunscreen,Sunscreen,549,10,4.5,5100,https://thederma.co/products/spf-50-matte-sunscreen
The Derma Co,Ceramide Repair Moisturiser,Moisturiser,699,15,4.4,2800,https://thederma.co/products/ceramide-repair-moisturiser
The Derma Co,Kojic Acid Face Wash,Cleanser,499,10,4.4,2600,https://thederma.co/products/kojic-acid-face-wash
The Derma Co,AHA 30% BHA 2% Peel,Peel,549,0,4.2,2400,https://thederma.co/products/aha-30-bha-2-peel
The Derma Co,Retinol Night Serum,Serum,699,15,4.4,2100,https://thederma.co/products/retinol-night-serum
The Derma Co,Vitamin C 20% Serum,Serum,799,15,4.5,2300,https://thederma.co/products/vitamin-c-20-serum
The Derma Co,Peptide Eye Cream,Eye Care,699,10,4.4,980,https://thederma.co/products/peptide-eye-cream
The Derma Co,2% Alpha Arbutin Serum,Serum,499,0,4.3,2700,https://thederma.co/products/2-alpha-arbutin-serum
The Derma Co,SPF 60 Sunscreen,Sunscreen,699,15,4.5,3200,https://thederma.co/products/spf-60-sunscreen
The Derma Co,Cica Repair Moisturiser,Moisturiser,799,20,4.4,1600,https://thederma.co/products/cica-repair-moisturiser
The Derma Co,Gentle Exfoliating Face Wash,Cleanser,449,10,4.3,1900,https://thederma.co/products/gentle-exfoliating-face-wash
The Derma Co,Lactic Acid 10% HA 2% Serum,Serum,549,0,4.3,1700,https://thederma.co/products/lactic-acid-ha-serum
The Derma Co,Tranexamic Acid Serum,Serum,699,10,4.4,1400,https://thederma.co/products/tranexamic-acid-serum
The Derma Co,Clay Face Mask,Mask,549,15,4.3,1100,https://thederma.co/products/clay-face-mask
The Derma Co,Oil-Free Moisturiser SPF 30,Moisturiser,749,15,4.3,1200,https://thederma.co/products/oil-free-moisturiser-spf-30
The Derma Co,BHA 2% Blackhead Toner,Toner,499,10,4.3,1800,https://thederma.co/products/bha-2-blackhead-toner
The Derma Co,SPF 50 Brightening Sunscreen,Sunscreen,599,10,4.4,2600,https://thederma.co/products/spf-50-brightening-sunscreen
The Derma Co,1% Retinol Face Cream,Moisturiser,849,20,4.4,1000,https://thederma.co/products/1-retinol-face-cream
The Derma Co,Hydrating Toner,Toner,449,0,4.3,1500,https://thederma.co/products/hydrating-toner
The Derma Co,Acne Spot Treatment Serum,Serum,449,0,4.3,2200,https://thederma.co/products/acne-spot-treatment-serum
The Derma Co,Kojic Acid Serum,Serum,649,15,4.4,1600,https://thederma.co/products/kojic-acid-serum
The Derma Co,SPF 50 Tinted Sunscreen,Sunscreen,699,15,4.4,1900,https://thederma.co/products/spf-50-tinted-sunscreen
The Derma Co,Vitamin E Nourishing Moisturiser,Moisturiser,549,10,4.3,1100,https://thederma.co/products/vitamin-e-nourishing-moisturiser
The Derma Co,AHA 10% Brightening Toner,Toner,499,10,4.3,1400,https://thederma.co/products/aha-10-brightening-toner
The Derma Co,Collagen Serum,Serum,799,20,4.4,1100,https://thederma.co/products/collagen-serum
The Derma Co,Ceramide Face Wash,Cleanser,399,0,4.4,2100,https://thederma.co/products/ceramide-face-wash
The Derma Co,Dark Circle Eye Cream,Eye Care,799,15,4.4,840,https://thederma.co/products/dark-circle-eye-cream
The Derma Co,Copper Peptide Serum,Serum,999,20,4.5,620,https://thederma.co/products/copper-peptide-serum
The Derma Co,Sheet Mask Brightening,Mask,349,0,4.2,840,https://thederma.co/products/sheet-mask-brightening
The Derma Co,Barrier Repair Face Cream,Moisturiser,799,15,4.4,900,https://thederma.co/products/barrier-repair-face-cream
The Derma Co,Brightening Face Wash,Cleanser,449,10,4.3,1700,https://thederma.co/products/brightening-face-wash
The Derma Co,SPF 30 Mineral Sunscreen,Sunscreen,549,0,4.2,1100,https://thederma.co/products/spf-30-mineral-sunscreen
The Derma Co,Pore Minimising Serum,Serum,549,10,4.3,1300,https://thederma.co/products/pore-minimising-serum
The Derma Co,Hydrating Sheet Mask,Mask,349,0,4.3,720,https://thederma.co/products/hydrating-sheet-mask
The Derma Co,Multi-Peptide Night Cream,Moisturiser,999,20,4.5,680,https://thederma.co/products/multi-peptide-night-cream
The Derma Co,SPF 50 Aqua Gel Sunscreen,Sunscreen,649,15,4.4,1700,https://thederma.co/products/spf-50-aqua-gel-sunscreen
The Derma Co,Exfoliating AHA Serum,Serum,599,10,4.3,1000,https://thederma.co/products/exfoliating-aha-serum
The Derma Co,Anti-Acne Face Wash,Cleanser,399,0,4.4,2400,https://thederma.co/products/anti-acne-face-wash
The Derma Co,Oil Control Toner,Toner,449,0,4.2,1200,https://thederma.co/products/oil-control-toner
The Derma Co,Niacinamide Moisturiser,Moisturiser,649,10,4.4,1300,https://thederma.co/products/niacinamide-moisturiser
The Derma Co,Anti-Aging Eye Serum,Eye Care,899,20,4.4,520,https://thederma.co/products/anti-aging-eye-serum
The Derma Co,Vitamin C Brightening Serum,Serum,699,15,4.4,1200,https://thederma.co/products/vitamin-c-brightening-serum
The Derma Co,Resurfacing Enzyme Mask,Mask,649,15,4.3,600,https://thederma.co/products/resurfacing-enzyme-mask
The Derma Co,Gentle Foaming Face Wash,Cleanser,349,0,4.3,1800,https://thederma.co/products/gentle-foaming-face-wash
The Derma Co,Salicylic Acid 2% Toner,Toner,499,10,4.3,1600,https://thederma.co/products/salicylic-acid-2-toner
The Derma Co,Azelaic Acid 10% Serum,Serum,599,10,4.3,940,https://thederma.co/products/azelaic-acid-10-serum
The Derma Co,Peptide Repair Moisturiser,Moisturiser,849,15,4.4,820,https://thederma.co/products/peptide-repair-moisturiser
The Derma Co,Brightening Sunscreen Combo,Sunscreen,1299,30,4.5,480,https://thederma.co/products/brightening-sunscreen-combo
The Derma Co,Anti-Pigmentation Serum,Serum,799,15,4.5,1100,https://thederma.co/products/anti-pigmentation-serum
The Derma Co,Pore Tightening Toner,Toner,449,0,4.2,1000,https://thederma.co/products/pore-tightening-toner
The Derma Co,Retinol Anti-Aging Cream,Moisturiser,999,20,4.5,760,https://thederma.co/products/retinol-anti-aging-cream
The Derma Co,Anti-Blemish Spot Serum,Serum,499,0,4.3,1500,https://thederma.co/products/anti-blemish-spot-serum
The Derma Co,SPF 50 Anti-Pollution Sunscreen,Sunscreen,699,15,4.4,1400,https://thederma.co/products/spf-50-anti-pollution-sunscreen
The Derma Co,Fermented Rice Water Toner,Toner,499,10,4.3,880,https://thederma.co/products/fermented-rice-water-toner
The Derma Co,Calming Face Wash,Cleanser,399,0,4.3,1500,https://thederma.co/products/calming-face-wash
The Derma Co,Niacinamide Zinc Eye Cream,Eye Care,749,15,4.3,440,https://thederma.co/products/niacinamide-zinc-eye-cream
The Derma Co,Hyaluronic Acid Moisturiser,Moisturiser,749,15,4.4,1100,https://thederma.co/products/hyaluronic-acid-moisturiser
The Derma Co,SPF 50 PA++++ Daily Sunscreen,Sunscreen,599,10,4.4,2100,https://thederma.co/products/spf-50-daily-sunscreen
The Derma Co,Ceramide Anti-Aging Serum,Serum,749,15,4.4,880,https://thederma.co/products/ceramide-anti-aging-serum
The Derma Co,Brightening Eye Mask,Mask,349,0,4.2,560,https://thederma.co/products/brightening-eye-mask
The Derma Co,Skin Barrier Toner,Toner,499,10,4.3,1100,https://thederma.co/products/skin-barrier-toner
Plum,Green Tea Face Wash,Cleanser,225,0,4.3,11500,https://plumgoodness.com/products/green-tea-face-wash
Plum,Grape Seed Sea Buckthorn SPF 40 Sunscreen,Sunscreen,445,10,4.4,8200,https://plumgoodness.com/products/grape-seed-sea-buckthorn-spf-40-sunscreen
Plum,Vitamin C Serum 15% Ethyl Ascorbic Acid,Serum,995,15,4.5,4100,https://plumgoodness.com/products/vitamin-c-serum-15-ethyl-ascorbic-acid
Plum,Niacinamide Rice Water Toner,Toner,375,10,4.3,5600,https://plumgoodness.com/products/niacinamide-rice-water-toner
Plum,Hyaluronic PHA Hydrating Toner,Toner,375,10,4.4,4200,https://plumgoodness.com/products/hyaluronic-pha-hydrating-toner
Plum,Peptide Night Cream,Moisturiser,895,15,4.4,2400,https://plumgoodness.com/products/peptide-night-cream
Plum,Chamomile White Tea Night Gel,Moisturiser,595,10,4.3,3100,https://plumgoodness.com/products/chamomile-white-tea-night-gel
Plum,Body Love Lotion,Body Care,425,10,4.4,7200,https://plumgoodness.com/products/body-love-lotion
Plum,Green Tea Pore Cleansing Face Wash,Cleanser,225,0,4.4,9800,https://plumgoodness.com/products/green-tea-pore-cleansing-face-wash
Plum,BodyLovin Vanilla Body Scrub,Body Care,395,15,4.5,5400,https://plumgoodness.com/products/bodylovin-vanilla-body-scrub
Plum,Sheer Matte SPF 35 Sunscreen,Sunscreen,395,10,4.3,6100,https://plumgoodness.com/products/sheer-matte-spf-35-sunscreen
Plum,Bright Years Cell Renewal Serum,Serum,895,15,4.4,1800,https://plumgoodness.com/products/bright-years-cell-renewal-serum
Plum,E-Luminence Deep Moisturising Cream,Moisturiser,695,10,4.3,2200,https://plumgoodness.com/products/e-luminence-deep-moisturising-cream
Plum,Green Tea Mattifying Moisturiser,Moisturiser,595,10,4.4,3800,https://plumgoodness.com/products/green-tea-mattifying-moisturiser
Plum,Hello Aloe Caring Face Wash,Cleanser,195,0,4.3,6400,https://plumgoodness.com/products/hello-aloe-caring-face-wash
Plum,Niacinamide 5% Brightening Serum,Serum,795,10,4.4,3200,https://plumgoodness.com/products/niacinamide-5-brightening-serum
Plum,Retinol 0.5% Face Serum,Serum,895,15,4.3,1600,https://plumgoodness.com/products/retinol-0-5-face-serum
Plum,SPF 50 Invisible Sunscreen,Sunscreen,445,10,4.4,5200,https://plumgoodness.com/products/spf-50-invisible-sunscreen
Plum,Grape Seed Glow-Restore Eye Cream,Eye Care,645,15,4.3,1400,https://plumgoodness.com/products/grape-seed-glow-restore-eye-cream
Plum,BodyLovin Tropical Assurance SPF 50,Body Care,595,15,4.4,2800,https://plumgoodness.com/products/bodylovin-tropical-assurance-spf-50
Plum,Green Tea Skin Clarifying Toner,Toner,295,0,4.3,7400,https://plumgoodness.com/products/green-tea-skin-clarifying-toner
Plum,Castor Oil Hair Serum,Hair Care,695,15,4.3,3100,https://plumgoodness.com/products/castor-oil-hair-serum
Plum,Onion Hair Fall Shampoo,Hair Care,475,10,4.4,6200,https://plumgoodness.com/products/onion-hair-fall-shampoo
Plum,Brighten Up Face Mask with Vitamin C,Mask,395,10,4.3,1800,https://plumgoodness.com/products/brighten-up-face-mask-vitamin-c
Plum,BodyLovin Cherry On Top Body Wash,Body Care,445,10,4.4,3900,https://plumgoodness.com/products/bodylovin-cherry-on-top-body-wash
Plum,Chamomile Healing Toner,Toner,275,0,4.3,4100,https://plumgoodness.com/products/chamomile-healing-toner
Plum,Lip Butter Raspberry Vanilla,Lip Care,195,0,4.6,7800,https://plumgoodness.com/products/lip-butter-raspberry-vanilla
Plum,Isoflavones VB3 SPF 50 Sunscreen,Sunscreen,545,15,4.4,2100,https://plumgoodness.com/products/isoflavones-vb3-spf-50-sunscreen
Plum,Retinol Bakuchiol Night Cream,Moisturiser,895,20,4.4,980,https://plumgoodness.com/products/retinol-bakuchiol-night-cream
Plum,BodyLovin Shea Cocoa Butter Lotion,Body Care,425,10,4.4,3200,https://plumgoodness.com/products/bodylovin-shea-cocoa-butter-lotion
Plum,Apple Cider Vinegar Face Wash,Cleanser,245,0,4.2,4800,https://plumgoodness.com/products/apple-cider-vinegar-face-wash
Plum,Probiotics AHA Brightening Serum,Serum,795,10,4.3,1400,https://plumgoodness.com/products/probiotics-aha-brightening-serum
Plum,Glycolic Acid 8% Glow Toner,Toner,395,10,4.3,2400,https://plumgoodness.com/products/glycolic-acid-8-glow-toner
Plum,SPF 35 Matte Finish Sunscreen Fluid,Sunscreen,395,10,4.3,4600,https://plumgoodness.com/products/spf-35-matte-finish-sunscreen-fluid
Plum,BodyLovin Vanilla Vibes Body Wash,Body Care,395,10,4.5,3600,https://plumgoodness.com/products/bodylovin-vanilla-vibes-body-wash
Plum,Green Tea Renewed Clarity Night Gel,Moisturiser,595,10,4.3,1900,https://plumgoodness.com/products/green-tea-renewed-clarity-night-gel
Plum,Niacinamide Eye Cream,Eye Care,595,15,4.3,1100,https://plumgoodness.com/products/niacinamide-eye-cream
Plum,Argan Olive Nourishing Hair Mask,Hair Care,575,15,4.3,2400,https://plumgoodness.com/products/argan-olive-nourishing-hair-mask
Plum,Hazel Bakuchiol Sleep Pack,Mask,595,15,4.4,1200,https://plumgoodness.com/products/hazel-bakuchiol-sleep-pack
Plum,Onion Biotin 10-in-1 Hair Oil,Hair Care,595,10,4.4,4100,https://plumgoodness.com/products/onion-biotin-10-in-1-hair-oil
Plum,BodyLovin Coffee Lit Body Scrub,Body Care,395,10,4.5,2800,https://plumgoodness.com/products/bodylovin-coffee-lit-body-scrub
Plum,Rosehip Vitamin C Eye Gel,Eye Care,645,15,4.3,820,https://plumgoodness.com/products/rosehip-vitamin-c-eye-gel
Plum,Mandelic Acid LHA 10% Serum,Serum,895,15,4.3,940,https://plumgoodness.com/products/mandelic-acid-lha-serum
Plum,Hyaluronic Acid Quenching Water Cream,Moisturiser,695,10,4.4,2100,https://plumgoodness.com/products/hyaluronic-acid-quenching-water-cream
Plum,Hello Aloe Hydrating Toner,Toner,295,0,4.2,3200,https://plumgoodness.com/products/hello-aloe-hydrating-toner
Plum,SPF 50 UV Shield Sunscreen,Sunscreen,445,10,4.3,3800,https://plumgoodness.com/products/spf-50-uv-shield-sunscreen
Plum,Raspberry Vanilla Tinted Lip Balm,Lip Care,175,0,4.6,9200,https://plumgoodness.com/products/raspberry-vanilla-tinted-lip-balm
Plum,BodyLovin Strawberry Mint Body Wash,Body Care,395,10,4.4,2600,https://plumgoodness.com/products/bodylovin-strawberry-meets-mint-body-wash
Plum,Green Tea Anti-Acne Face Pack,Mask,395,10,4.3,1600,https://plumgoodness.com/products/green-tea-anti-acne-face-pack
Plum,Hydrating Cica Centella Serum,Serum,895,15,4.4,860,https://plumgoodness.com/products/hydrating-cica-centella-serum
Plum,Onion Hair Fall Control Conditioner,Hair Care,395,10,4.3,3800,https://plumgoodness.com/products/onion-hair-fall-control-conditioner
Plum,E-Luminence Under Eye Recovery Gel,Eye Care,645,15,4.4,680,https://plumgoodness.com/products/e-luminence-under-eye-recovery-gel
Plum,Brighten Up Vitamin C Exfoliating Mask,Mask,395,10,4.2,1100,https://plumgoodness.com/products/brighten-up-vitamin-c-exfoliating-mask
Plum,BodyLovin Pink Burst Body Mist,Body Care,445,10,4.4,2100,https://plumgoodness.com/products/bodylovin-pink-burst-body-mist
Plum,Retinol Ceramide Firming Eye Cream,Eye Care,695,15,4.4,540,https://plumgoodness.com/products/retinol-ceramide-firming-eye-cream
Plum,1% Salicylic Acid Face Wash,Cleanser,225,0,4.4,5400,https://plumgoodness.com/products/1-salicylic-acid-face-wash
Plum,Biotin Saw Palmetto Hair Serum,Hair Care,695,15,4.3,2200,https://plumgoodness.com/products/biotin-saw-palmetto-hair-serum
Plum,Bokashi Fermented Rice Water Toner,Toner,375,10,4.4,1800,https://plumgoodness.com/products/bokashi-fermented-rice-water-toner
Plum,Mulberry Brightening Face Wash,Cleanser,245,0,4.3,3600,https://plumgoodness.com/products/mulberry-brightening-face-wash
Plum,BodyLovin Nourishing Body Lotion,Body Care,395,10,4.4,2900,https://plumgoodness.com/products/bodylovin-nourishing-body-lotion
Plum,Peptide Collagen Serum,Serum,895,15,4.4,1100,https://plumgoodness.com/products/peptide-collagen-serum
Plum,Chamomile Deep Cleanse Cold Cream,Cleanser,295,0,4.3,2100,https://plumgoodness.com/products/chamomile-deep-cleanse-cold-cream
Plum,Blueberry Bounce Lip Scrub,Lip Care,195,0,4.5,4200,https://plumgoodness.com/products/blueberry-bounce-lip-scrub
Plum,BodyLovin Tropical Body Butter,Body Care,445,10,4.4,1700,https://plumgoodness.com/products/bodylovin-tropical-body-butter
Plum,SPF 50 Moist-In-Matte Sunscreen,Sunscreen,445,10,4.4,4400,https://plumgoodness.com/products/moist-in-matte-sunscreen
Plum,AHA Willow Bark Exfoliating Toner,Toner,375,10,4.3,2200,https://plumgoodness.com/products/aha-willow-bark-exfoliating-toner
Plum,Retinol Night Treatment Serum,Serum,895,15,4.3,1200,https://plumgoodness.com/products/retinol-night-treatment-serum
Plum,Green Tea Clear Face Pack Mask,Mask,375,10,4.3,2100,https://plumgoodness.com/products/green-tea-clear-face-pack-mask
Plum,Hair Fall Control Onion Hair Butter,Hair Care,545,15,4.4,2800,https://plumgoodness.com/products/hair-fall-control-onion-hair-butter
Plum,BodyLovin Watermelon Mint Body Mist,Body Care,445,10,4.5,1900,https://plumgoodness.com/products/bodylovin-watermelon-mint-body-mist
Plum,Licorice Raspberry Bright Serum,Serum,795,10,4.4,1600,https://plumgoodness.com/products/licorice-raspberry-bright-serum
Plum,Turmeric Cinnamon Night Masque,Mask,395,10,4.3,1400,https://plumgoodness.com/products/turmeric-cinnamon-night-masque
Plum,SPF 40 Water-Light Gel Sunscreen,Sunscreen,445,10,4.3,2800,https://plumgoodness.com/products/spf-40-water-light-gel-sunscreen
Plum,Murumuru Rose Replenishing Lip Balm,Lip Care,195,0,4.5,5600,https://plumgoodness.com/products/murumuru-rose-replenishing-lip-balm
Plum,Niacinamide Peptide Eye Cream,Eye Care,645,15,4.4,760,https://plumgoodness.com/products/niacinamide-peptide-eye-cream
Plum,BodyLovin Passion Fruit Body Oil,Body Care,545,10,4.4,1200,https://plumgoodness.com/products/bodylovin-passion-fruit-body-oil
Plum,Alpha Arbutin 2% Brightening Serum,Serum,795,10,4.4,1800,https://plumgoodness.com/products/alpha-arbutin-2-brightening-serum
Plum,Shea Coconut Nourishing Cleanser,Cleanser,225,0,4.3,2400,https://plumgoodness.com/products/shea-coconut-nourishing-cleanser
Plum,SPF 50 Water-Resistant Sunscreen,Sunscreen,445,10,4.4,3100,https://plumgoodness.com/products/spf-50-water-resistant-sunscreen
Plum,Ceramide Moisturising Day Cream,Moisturiser,695,10,4.4,1700,https://plumgoodness.com/products/ceramide-moisturising-day-cream
Plum,Green Tea Alcohol-Free Toner,Toner,295,0,4.3,5800,https://plumgoodness.com/products/green-tea-alcohol-free-toner
Plum,Coconut Vanilla Body Butter,Body Care,495,10,4.5,2200,https://plumgoodness.com/products/coconut-vanilla-body-butter
Plum,Onion Biotin Hairfall Control Shampoo,Hair Care,395,10,4.3,5100,https://plumgoodness.com/products/onion-biotin-hairfall-control-shampoo
Plum,Zinc Niacinamide Pore Tightening Toner,Toner,375,10,4.3,2800,https://plumgoodness.com/products/zinc-niacinamide-pore-tightening-toner
Plum,Kiwi Radiance Vitamin C Serum,Serum,895,15,4.4,1300,https://plumgoodness.com/products/kiwi-radiance-vitamin-c-serum
Plum,Hazel Hyaluronic Quench Moisturiser,Moisturiser,695,10,4.4,1400,https://plumgoodness.com/products/hazel-hyaluronic-quench-moisturiser
Plum,Daily Protect Face Wash with SPF,Cleanser,275,0,4.2,1900,https://plumgoodness.com/products/daily-protect-face-wash-spf
Plum,BodyLovin Macadamia Hair Mask,Hair Care,575,15,4.3,2100,https://plumgoodness.com/products/bodylovin-macadamia-hair-mask
Plum,E-Luminence Illuminate Serum,Serum,995,20,4.4,920,https://plumgoodness.com/products/e-luminence-illuminate-serum
Plum,SPF 30 Daily Sunscreen Lotion,Sunscreen,395,10,4.2,3600,https://plumgoodness.com/products/spf-30-daily-sunscreen-lotion
Plum,Licorice Bearberry Dark Spot Corrector,Serum,895,15,4.4,1500,https://plumgoodness.com/products/licorice-bearberry-dark-spot-corrector
Plum,Anti Dandruff Shampoo,Hair Care,395,10,4.2,3200,https://plumgoodness.com/products/anti-dandruff-shampoo
Plum,Mulberry Vitamin C Day Cream,Moisturiser,695,10,4.4,1600,https://plumgoodness.com/products/mulberry-vitamin-c-day-cream
Plum,Matte Body Lotion SPF 30,Body Care,495,15,4.3,1600,https://plumgoodness.com/products/matte-body-lotion-spf-30
Plum,BodyLovin Coconut Breeze Body Wash,Body Care,395,10,4.4,2100,https://plumgoodness.com/products/bodylovin-coconut-breeze-body-wash
Plum,Chamomile & Oat Ultra-Soothe Moisturiser,Moisturiser,695,10,4.3,1200,https://plumgoodness.com/products/chamomile-oat-ultra-soothe-moisturiser
Plum,Argan Hibiscus Nourishing Shampoo,Hair Care,445,10,4.3,2800,https://plumgoodness.com/products/argan-hibiscus-nourishing-shampoo
Plum,Vitamin C Under Eye Brightening Gel,Eye Care,595,15,4.3,920,https://plumgoodness.com/products/vitamin-c-under-eye-brightening-gel
Plum,BodyLovin Almond Lip Butter,Lip Care,175,0,4.5,3800,https://plumgoodness.com/products/bodylovin-almond-lip-butter
Plum,Ceramide Peptide Barrier Serum,Serum,895,15,4.4,1050,https://plumgoodness.com/products/ceramide-peptide-barrier-serum
Plum,Kaolin Clay Detox Mask,Mask,395,10,4.3,1300,https://plumgoodness.com/products/kaolin-clay-detox-mask
